Method,Job,AnalyzeLaunchVariance,EvaluateOverhead,MaxAbsoluteError,MaxRelativeError,MinInvokeCount,MinIterationTime,OutlierMode,Affinity,EnvironmentVariables,Jit,LargeAddressAware,Platform,PowerPlanMode,Runtime,AllowVeryLargeObjects,Concurrent,CpuGroups,Force,HeapAffinitizeMask,HeapCount,NoAffinitize,RetainVm,Server,Arguments,BuildConfiguration,Clock,EngineFactory,NuGetReferences,Toolchain,IsMutator,InvocationCount,IterationCount,IterationTime,LaunchCount,MaxIterationCount,MaxWarmupIterationCount,MemoryRandomization,MinIterationCount,MinWarmupIterationCount,RunStrategy,UnrollFactor,WarmupCount,Shape,Mean,Error,StdDev,Median,Allocated
Advance,Job-TZECNT,False,Default,Default,Default,Default,Default,Default,11111111111111111111111111111111,Empty,RyuJit,Default,X64,8c5e7fda-e8bf-4a96-9a85-a6e23a8c635c,.NET 10.0,False,True,False,True,Default,Default,False,False,False,Default,Default,Default,Default,Default,Default,Default,Default,16,200ms,Default,Default,Default,Default,Default,Default,Default,16,8,LaneUniform,17.67 μs,1.519 μs,1.492 μs,18.23 μs,0 B
Advance,InProcess,False,Default,Default,Default,Default,Default,Default,11111111111111111111111111111111,Empty,RyuJit,Default,X64,8c5e7fda-e8bf-4a96-9a85-a6e23a8c635c,.NET 10.0,False,True,False,True,Default,Default,False,False,False,Default,Default,Default,Default,Default,InProcessEmitToolchain,Default,Default,Default,Default,Default,Default,Default,Default,Default,Default,Default,16,Default,LaneUniform,16.52 μs,0.324 μs,0.601 μs,16.19 μs,0 B
Advance,Job-TZECNT,False,Default,Default,Default,Default,Default,Default,11111111111111111111111111111111,Empty,RyuJit,Default,X64,8c5e7fda-e8bf-4a96-9a85-a6e23a8c635c,.NET 10.0,False,True,False,True,Default,Default,False,False,False,Default,Default,Default,Default,Default,Default,Default,Default,16,200ms,Default,Default,Default,Default,Default,Default,Default,16,8,PairOne,18.22 μs,0.025 μs,0.021 μs,18.22 μs,0 B
Advance,InProcess,False,Default,Default,Default,Default,Default,Default,11111111111111111111111111111111,Empty,RyuJit,Default,X64,8c5e7fda-e8bf-4a96-9a85-a6e23a8c635c,.NET 10.0,False,True,False,True,Default,Default,False,False,False,Default,Default,Default,Default,Default,InProcessEmitToolchain,Default,Default,Default,Default,Default,Default,Default,Default,Default,Default,Default,16,Default,PairOne,17.99 μs,0.011 μs,0.009 μs,17.99 μs,0 B
Advance,Job-TZECNT,False,Default,Default,Default,Default,Default,Default,11111111111111111111111111111111,Empty,RyuJit,Default,X64,8c5e7fda-e8bf-4a96-9a85-a6e23a8c635c,.NET 10.0,False,True,False,True,Default,Default,False,False,False,Default,Default,Default,Default,Default,Default,Default,Default,16,200ms,Default,Default,Default,Default,Default,Default,Default,16,8,PairRuns8,31.71 μs,0.079 μs,0.074 μs,31.70 μs,0 B
Advance,InProcess,False,Default,Default,Default,Default,Default,Default,11111111111111111111111111111111,Empty,RyuJit,Default,X64,8c5e7fda-e8bf-4a96-9a85-a6e23a8c635c,.NET 10.0,False,True,False,True,Default,Default,False,False,False,Default,Default,Default,Default,Default,InProcessEmitToolchain,Default,Default,Default,Default,Default,Default,Default,Default,Default,Default,Default,16,Default,PairRuns8,31.57 μs,0.201 μs,0.188 μs,31.62 μs,0 B
Advance,Job-TZECNT,False,Default,Default,Default,Default,Default,Default,11111111111111111111111111111111,Empty,RyuJit,Default,X64,8c5e7fda-e8bf-4a96-9a85-a6e23a8c635c,.NET 10.0,False,True,False,True,Default,Default,False,False,False,Default,Default,Default,Default,Default,Default,Default,Default,16,200ms,Default,Default,Default,Default,Default,Default,Default,16,8,PairAlternating8,82.99 μs,0.305 μs,0.254 μs,82.96 μs,0 B
Advance,InProcess,False,Default,Default,Default,Default,Default,Default,11111111111111111111111111111111,Empty,RyuJit,Default,X64,8c5e7fda-e8bf-4a96-9a85-a6e23a8c635c,.NET 10.0,False,True,False,True,Default,Default,False,False,False,Default,Default,Default,Default,Default,InProcessEmitToolchain,Default,Default,Default,Default,Default,Default,Default,Default,Default,Default,Default,16,Default,PairAlternating8,85.96 μs,0.831 μs,0.736 μs,85.80 μs,0 B
Advance,Job-TZECNT,False,Default,Default,Default,Default,Default,Default,11111111111111111111111111111111,Empty,RyuJit,Default,X64,8c5e7fda-e8bf-4a96-9a85-a6e23a8c635c,.NET 10.0,False,True,False,True,Default,Default,False,False,False,Default,Default,Default,Default,Default,Default,Default,Default,16,200ms,Default,Default,Default,Default,Default,Default,Default,16,8,PairRuns8Waves,17.42 μs,0.205 μs,0.201 μs,17.42 μs,0 B
Advance,InProcess,False,Default,Default,Default,Default,Default,Default,11111111111111111111111111111111,Empty,RyuJit,Default,X64,8c5e7fda-e8bf-4a96-9a85-a6e23a8c635c,.NET 10.0,False,True,False,True,Default,Default,False,False,False,Default,Default,Default,Default,Default,InProcessEmitToolchain,Default,Default,Default,Default,Default,Default,Default,Default,Default,Default,Default,16,Default,PairRuns8Waves,17.96 μs,0.196 μs,0.183 μs,17.97 μs,0 B
Advance,Job-TZECNT,False,Default,Default,Default,Default,Default,Default,11111111111111111111111111111111,Empty,RyuJit,Default,X64,8c5e7fda-e8bf-4a96-9a85-a6e23a8c635c,.NET 10.0,False,True,False,True,Default,Default,False,False,False,Default,Default,Default,Default,Default,Default,Default,Default,16,200ms,Default,Default,Default,Default,Default,Default,Default,16,8,PairBlocks8Waves,20.27 μs,0.306 μs,0.301 μs,20.33 μs,0 B
Advance,InProcess,False,Default,Default,Default,Default,Default,Default,11111111111111111111111111111111,Empty,RyuJit,Default,X64,8c5e7fda-e8bf-4a96-9a85-a6e23a8c635c,.NET 10.0,False,True,False,True,Default,Default,False,False,False,Default,Default,Default,Default,Default,InProcessEmitToolchain,Default,Default,Default,Default,Default,Default,Default,Default,Default,Default,Default,16,Default,PairBlocks8Waves,19.71 μs,0.188 μs,0.176 μs,19.72 μs,0 B
Advance,Job-TZECNT,False,Default,Default,Default,Default,Default,Default,11111111111111111111111111111111,Empty,RyuJit,Default,X64,8c5e7fda-e8bf-4a96-9a85-a6e23a8c635c,.NET 10.0,False,True,False,True,Default,Default,False,False,False,Default,Default,Default,Default,Default,Default,Default,Default,16,200ms,Default,Default,Default,Default,Default,Default,Default,16,8,PairA(...)Waves [21],67.88 μs,0.692 μs,0.679 μs,68.13 μs,0 B
Advance,InProcess,False,Default,Default,Default,Default,Default,Default,11111111111111111111111111111111,Empty,RyuJit,Default,X64,8c5e7fda-e8bf-4a96-9a85-a6e23a8c635c,.NET 10.0,False,True,False,True,Default,Default,False,False,False,Default,Default,Default,Default,Default,InProcessEmitToolchain,Default,Default,Default,Default,Default,Default,Default,Default,Default,Default,Default,16,Default,PairA(...)Waves [21],66.94 μs,0.450 μs,0.420 μs,67.01 μs,0 B
