Method,Job,AnalyzeLaunchVariance,EvaluateOverhead,MaxAbsoluteError,MaxRelativeError,MinInvokeCount,MinIterationTime,OutlierMode,Affinity,EnvironmentVariables,Jit,LargeAddressAware,Platform,PowerPlanMode,Runtime,AllowVeryLargeObjects,Concurrent,CpuGroups,Force,HeapAffinitizeMask,HeapCount,NoAffinitize,RetainVm,Server,Arguments,BuildConfiguration,Clock,EngineFactory,NuGetReferences,Toolchain,IsMutator,InvocationCount,IterationCount,IterationTime,LaunchCount,MaxIterationCount,MaxWarmupIterationCount,MemoryRandomization,MinIterationCount,MinWarmupIterationCount,RunStrategy,UnrollFactor,WarmupCount,Clips,Sequential,Mean,Error,StdDev,Median,Ratio,Allocated,Alloc Ratio
BeforeSingle,Job-VRYZFP,False,Default,Default,Default,Default,Default,Default,10000,Empty,RyuJit,Default,X64,8c5e7fda-e8bf-4a96-9a85-a6e23a8c635c,.NET 10.0,False,True,False,True,Default,Default,False,False,False,Default,Default,Default,Default,Default,Default,Default,Default,12,250ms,Default,Default,Default,Default,Default,Default,Default,16,16,16,False,46.105 ns,0.3420 ns,0.2262 ns,46.021 ns,1.00,0 B,NA
BeforeBatch,Job-VRYZFP,False,Default,Default,Default,Default,Default,Default,10000,Empty,RyuJit,Default,X64,8c5e7fda-e8bf-4a96-9a85-a6e23a8c635c,.NET 10.0,False,True,False,True,Default,Default,False,False,False,Default,Default,Default,Default,Default,Default,Default,Default,12,250ms,Default,Default,Default,Default,Default,Default,Default,16,16,16,False,41.156 ns,0.0386 ns,0.0279 ns,41.162 ns,0.89,0 B,NA
AfterSingle,Job-VRYZFP,False,Default,Default,Default,Default,Default,Default,10000,Empty,RyuJit,Default,X64,8c5e7fda-e8bf-4a96-9a85-a6e23a8c635c,.NET 10.0,False,True,False,True,Default,Default,False,False,False,Default,Default,Default,Default,Default,Default,Default,Default,12,250ms,Default,Default,Default,Default,Default,Default,Default,16,16,16,False,41.464 ns,0.0528 ns,0.0382 ns,41.452 ns,0.90,0 B,NA
AfterBatch,Job-VRYZFP,False,Default,Default,Default,Default,Default,Default,10000,Empty,RyuJit,Default,X64,8c5e7fda-e8bf-4a96-9a85-a6e23a8c635c,.NET 10.0,False,True,False,True,Default,Default,False,False,False,Default,Default,Default,Default,Default,Default,Default,Default,12,250ms,Default,Default,Default,Default,Default,Default,Default,16,16,16,False,29.077 ns,0.0648 ns,0.0506 ns,29.071 ns,0.63,0 B,NA
BeforeSingle,Job-VRYZFP,False,Default,Default,Default,Default,Default,Default,10000,Empty,RyuJit,Default,X64,8c5e7fda-e8bf-4a96-9a85-a6e23a8c635c,.NET 10.0,False,True,False,True,Default,Default,False,False,False,Default,Default,Default,Default,Default,Default,Default,Default,12,250ms,Default,Default,Default,Default,Default,Default,Default,16,16,16,True,20.324 ns,0.0616 ns,0.0481 ns,20.310 ns,1.00,0 B,NA
BeforeBatch,Job-VRYZFP,False,Default,Default,Default,Default,Default,Default,10000,Empty,RyuJit,Default,X64,8c5e7fda-e8bf-4a96-9a85-a6e23a8c635c,.NET 10.0,False,True,False,True,Default,Default,False,False,False,Default,Default,Default,Default,Default,Default,Default,Default,12,250ms,Default,Default,Default,Default,Default,Default,Default,16,16,16,True,14.180 ns,0.2407 ns,0.1879 ns,14.103 ns,0.70,0 B,NA
AfterSingle,Job-VRYZFP,False,Default,Default,Default,Default,Default,Default,10000,Empty,RyuJit,Default,X64,8c5e7fda-e8bf-4a96-9a85-a6e23a8c635c,.NET 10.0,False,True,False,True,Default,Default,False,False,False,Default,Default,Default,Default,Default,Default,Default,Default,12,250ms,Default,Default,Default,Default,Default,Default,Default,16,16,16,True,19.834 ns,0.0664 ns,0.0480 ns,19.834 ns,0.98,0 B,NA
AfterBatch,Job-VRYZFP,False,Default,Default,Default,Default,Default,Default,10000,Empty,RyuJit,Default,X64,8c5e7fda-e8bf-4a96-9a85-a6e23a8c635c,.NET 10.0,False,True,False,True,Default,Default,False,False,False,Default,Default,Default,Default,Default,Default,Default,Default,12,250ms,Default,Default,Default,Default,Default,Default,Default,16,16,16,True,8.715 ns,0.0415 ns,0.0324 ns,8.711 ns,0.43,0 B,NA
BeforeSingle,Job-VRYZFP,False,Default,Default,Default,Default,Default,Default,10000,Empty,RyuJit,Default,X64,8c5e7fda-e8bf-4a96-9a85-a6e23a8c635c,.NET 10.0,False,True,False,True,Default,Default,False,False,False,Default,Default,Default,Default,Default,Default,Default,Default,12,250ms,Default,Default,Default,Default,Default,Default,Default,16,16,512,False,266.225 ns,2.7725 ns,2.1646 ns,265.901 ns,1.00,0 B,NA
BeforeBatch,Job-VRYZFP,False,Default,Default,Default,Default,Default,Default,10000,Empty,RyuJit,Default,X64,8c5e7fda-e8bf-4a96-9a85-a6e23a8c635c,.NET 10.0,False,True,False,True,Default,Default,False,False,False,Default,Default,Default,Default,Default,Default,Default,Default,12,250ms,Default,Default,Default,Default,Default,Default,Default,16,16,512,False,254.043 ns,0.2492 ns,0.1802 ns,254.054 ns,0.95,0 B,NA
AfterSingle,Job-VRYZFP,False,Default,Default,Default,Default,Default,Default,10000,Empty,RyuJit,Default,X64,8c5e7fda-e8bf-4a96-9a85-a6e23a8c635c,.NET 10.0,False,True,False,True,Default,Default,False,False,False,Default,Default,Default,Default,Default,Default,Default,Default,12,250ms,Default,Default,Default,Default,Default,Default,Default,16,16,512,False,72.111 ns,0.1112 ns,0.0868 ns,72.132 ns,0.27,0 B,NA
AfterBatch,Job-VRYZFP,False,Default,Default,Default,Default,Default,Default,10000,Empty,RyuJit,Default,X64,8c5e7fda-e8bf-4a96-9a85-a6e23a8c635c,.NET 10.0,False,True,False,True,Default,Default,False,False,False,Default,Default,Default,Default,Default,Default,Default,Default,12,250ms,Default,Default,Default,Default,Default,Default,Default,16,16,512,False,52.642 ns,0.0828 ns,0.0646 ns,52.656 ns,0.20,0 B,NA
BeforeSingle,Job-VRYZFP,False,Default,Default,Default,Default,Default,Default,10000,Empty,RyuJit,Default,X64,8c5e7fda-e8bf-4a96-9a85-a6e23a8c635c,.NET 10.0,False,True,False,True,Default,Default,False,False,False,Default,Default,Default,Default,Default,Default,Default,Default,12,250ms,Default,Default,Default,Default,Default,Default,Default,16,16,512,True,176.041 ns,0.2129 ns,0.1662 ns,176.033 ns,1.00,0 B,NA
BeforeBatch,Job-VRYZFP,False,Default,Default,Default,Default,Default,Default,10000,Empty,RyuJit,Default,X64,8c5e7fda-e8bf-4a96-9a85-a6e23a8c635c,.NET 10.0,False,True,False,True,Default,Default,False,False,False,Default,Default,Default,Default,Default,Default,Default,Default,12,250ms,Default,Default,Default,Default,Default,Default,Default,16,16,512,True,177.007 ns,0.2346 ns,0.1832 ns,176.913 ns,1.01,0 B,NA
AfterSingle,Job-VRYZFP,False,Default,Default,Default,Default,Default,Default,10000,Empty,RyuJit,Default,X64,8c5e7fda-e8bf-4a96-9a85-a6e23a8c635c,.NET 10.0,False,True,False,True,Default,Default,False,False,False,Default,Default,Default,Default,Default,Default,Default,Default,12,250ms,Default,Default,Default,Default,Default,Default,Default,16,16,512,True,62.060 ns,0.0766 ns,0.0507 ns,62.075 ns,0.35,0 B,NA
AfterBatch,Job-VRYZFP,False,Default,Default,Default,Default,Default,Default,10000,Empty,RyuJit,Default,X64,8c5e7fda-e8bf-4a96-9a85-a6e23a8c635c,.NET 10.0,False,True,False,True,Default,Default,False,False,False,Default,Default,Default,Default,Default,Default,Default,Default,12,250ms,Default,Default,Default,Default,Default,Default,Default,16,16,512,True,14.545 ns,0.0551 ns,0.0430 ns,14.543 ns,0.08,0 B,NA
