Method,Job,AnalyzeLaunchVariance,EvaluateOverhead,MaxAbsoluteError,MaxRelativeError,MinInvokeCount,MinIterationTime,OutlierMode,Affinity,EnvironmentVariables,Jit,LargeAddressAware,Platform,PowerPlanMode,Runtime,AllowVeryLargeObjects,Concurrent,CpuGroups,Force,HeapAffinitizeMask,HeapCount,NoAffinitize,RetainVm,Server,Arguments,BuildConfiguration,Clock,EngineFactory,NuGetReferences,Toolchain,IsMutator,InvocationCount,IterationCount,IterationTime,LaunchCount,MaxIterationCount,MaxWarmupIterationCount,MemoryRandomization,MinIterationCount,MinWarmupIterationCount,RunStrategy,UnrollFactor,WarmupCount,Mean,Error,StdDev,Median,Ratio,Allocated,Alloc Ratio
InterpreterSingleTick,Jit,False,Default,Default,Default,Default,Default,Default,11111111111111111111111111111111,Empty,RyuJit,Default,X64,8c5e7fda-e8bf-4a96-9a85-a6e23a8c635c,.NET 10.0,False,True,False,True,Default,Default,False,False,False,Default,Default,Default,Default,Default,Default,Default,Default,12,250ms,Default,Default,Default,Default,Default,Default,Default,16,16,15.344 ns,0.0493 ns,0.0356 ns,15.340 ns,1.00,0 B,NA
CompiledSingleTick,Jit,False,Default,Default,Default,Default,Default,Default,11111111111111111111111111111111,Empty,RyuJit,Default,X64,8c5e7fda-e8bf-4a96-9a85-a6e23a8c635c,.NET 10.0,False,True,False,True,Default,Default,False,False,False,Default,Default,Default,Default,Default,Default,Default,Default,12,250ms,Default,Default,Default,Default,Default,Default,Default,16,16,4.488 ns,0.0182 ns,0.0132 ns,4.489 ns,0.29,0 B,NA
InterpreterBatch8,Jit,False,Default,Default,Default,Default,Default,Default,11111111111111111111111111111111,Empty,RyuJit,Default,X64,8c5e7fda-e8bf-4a96-9a85-a6e23a8c635c,.NET 10.0,False,True,False,True,Default,Default,False,False,False,Default,Default,Default,Default,Default,Default,Default,Default,12,250ms,Default,Default,Default,Default,Default,Default,Default,16,16,11.229 ns,0.0397 ns,0.0263 ns,11.231 ns,0.73,0 B,NA
CompiledBatch8,Jit,False,Default,Default,Default,Default,Default,Default,11111111111111111111111111111111,Empty,RyuJit,Default,X64,8c5e7fda-e8bf-4a96-9a85-a6e23a8c635c,.NET 10.0,False,True,False,True,Default,Default,False,False,False,Default,Default,Default,Default,Default,Default,Default,Default,12,250ms,Default,Default,Default,Default,Default,Default,Default,16,16,4.104 ns,0.0147 ns,0.0097 ns,4.104 ns,0.27,0 B,NA
SumInterpreterSingleTick,Jit,False,Default,Default,Default,Default,Default,Default,11111111111111111111111111111111,Empty,RyuJit,Default,X64,8c5e7fda-e8bf-4a96-9a85-a6e23a8c635c,.NET 10.0,False,True,False,True,Default,Default,False,False,False,Default,Default,Default,Default,Default,Default,Default,Default,12,250ms,Default,Default,Default,Default,Default,Default,Default,16,16,11.162 ns,0.0825 ns,0.0545 ns,11.157 ns,0.73,0 B,NA
SumCompiledSingleTick,Jit,False,Default,Default,Default,Default,Default,Default,11111111111111111111111111111111,Empty,RyuJit,Default,X64,8c5e7fda-e8bf-4a96-9a85-a6e23a8c635c,.NET 10.0,False,True,False,True,Default,Default,False,False,False,Default,Default,Default,Default,Default,Default,Default,Default,12,250ms,Default,Default,Default,Default,Default,Default,Default,16,16,2.475 ns,0.0093 ns,0.0073 ns,2.473 ns,0.16,0 B,NA
InterpreterSingleTick,NoTiering,False,Default,Default,Default,Default,Default,Default,11111111111111111111111111111111,DOTNET_TieredCompilation=0,RyuJit,Default,X64,8c5e7fda-e8bf-4a96-9a85-a6e23a8c635c,.NET 10.0,False,True,False,True,Default,Default,False,False,False,Default,Default,Default,Default,Default,Default,Default,Default,12,250ms,Default,Default,Default,Default,Default,Default,Default,16,16,28.321 ns,0.3015 ns,0.2180 ns,28.283 ns,1.00,0 B,NA
CompiledSingleTick,NoTiering,False,Default,Default,Default,Default,Default,Default,11111111111111111111111111111111,DOTNET_TieredCompilation=0,RyuJit,Default,X64,8c5e7fda-e8bf-4a96-9a85-a6e23a8c635c,.NET 10.0,False,True,False,True,Default,Default,False,False,False,Default,Default,Default,Default,Default,Default,Default,Default,12,250ms,Default,Default,Default,Default,Default,Default,Default,16,16,6.323 ns,0.1181 ns,0.0922 ns,6.322 ns,0.22,0 B,NA
InterpreterBatch8,NoTiering,False,Default,Default,Default,Default,Default,Default,11111111111111111111111111111111,DOTNET_TieredCompilation=0,RyuJit,Default,X64,8c5e7fda-e8bf-4a96-9a85-a6e23a8c635c,.NET 10.0,False,True,False,True,Default,Default,False,False,False,Default,Default,Default,Default,Default,Default,Default,Default,12,250ms,Default,Default,Default,Default,Default,Default,Default,16,16,16.823 ns,0.0548 ns,0.0428 ns,16.830 ns,0.59,0 B,NA
CompiledBatch8,NoTiering,False,Default,Default,Default,Default,Default,Default,11111111111111111111111111111111,DOTNET_TieredCompilation=0,RyuJit,Default,X64,8c5e7fda-e8bf-4a96-9a85-a6e23a8c635c,.NET 10.0,False,True,False,True,Default,Default,False,False,False,Default,Default,Default,Default,Default,Default,Default,Default,12,250ms,Default,Default,Default,Default,Default,Default,Default,16,16,5.964 ns,0.1847 ns,0.1442 ns,5.891 ns,0.21,0 B,NA
SumInterpreterSingleTick,NoTiering,False,Default,Default,Default,Default,Default,Default,11111111111111111111111111111111,DOTNET_TieredCompilation=0,RyuJit,Default,X64,8c5e7fda-e8bf-4a96-9a85-a6e23a8c635c,.NET 10.0,False,True,False,True,Default,Default,False,False,False,Default,Default,Default,Default,Default,Default,Default,Default,12,250ms,Default,Default,Default,Default,Default,Default,Default,16,16,25.370 ns,0.1417 ns,0.1024 ns,25.332 ns,0.90,0 B,NA
SumCompiledSingleTick,NoTiering,False,Default,Default,Default,Default,Default,Default,11111111111111111111111111111111,DOTNET_TieredCompilation=0,RyuJit,Default,X64,8c5e7fda-e8bf-4a96-9a85-a6e23a8c635c,.NET 10.0,False,True,False,True,Default,Default,False,False,False,Default,Default,Default,Default,Default,Default,Default,Default,12,250ms,Default,Default,Default,Default,Default,Default,Default,16,16,2.480 ns,0.0072 ns,0.0052 ns,2.480 ns,0.09,0 B,NA
